NAME,AREA_CODE,DESCRIPTIO,FILE_NAME,NUMBER,NUMBER0,POLYGON_ID,UNIT_ID,CODE,HECTARES,AREA,TYPE_CODE,DESCRIPT0,TYPE_COD0,DESCRIPT1
Wycombe District,DIS,District,BUCKINGHAMSHIRE_COUNTY,5,377,51844,11882,E07000007,32457.210,0.000,AA,CIVIL ADMINISTRATION AREA,,
South Bucks District,DIS,District,BUCKINGHAMSHIRE_COUNTY,7,403,51574,11693,E07000006,14127.564,0.000,AA,CIVIL ADMINISTRATION AREA,,
Chiltern District,DIS,District,BUCKINGHAMSHIRE_COUNTY,8,446,51905,11771,E07000005,19634.817,0.000,AA,CIVIL ADMINISTRATION AREA,,
Aylesbury Vale District,DIS,District,BUCKINGHAMSHIRE_COUNTY,18,597,51778,11903,E07000004,90275.325,0.000,AA,CIVIL ADMINISTRATION AREA,,
Fenland District,DIS,District,CAMBRIDGESHIRE_COUNTY,6,441,41229,1357,E07000010,54735.541,90.520,AA,CIVIL ADMINISTRATION AREA,,
South Cambridgeshire District,DIS,District,CAMBRIDGESHIRE_COUNTY,11,582,41616,1303,E07000012,90168.725,5.992,AA,CIVIL ADMINISTRATION AREA,,
East Cambridgeshire District,DIS,District,CAMBRIDGESHIRE_COUNTY,16,639,41310,1348,E07000009,65172.027,44.122,AA,CIVIL ADMINISTRATION AREA,,
Huntingdonshire District,DIS,District,CAMBRIDGESHIRE_COUNTY,23,754,41560,1470,E07000011,91254.599,8.743,AA,CIVIL ADMINISTRATION AREA,,
Cambridge District (B),DIS,District,CAMBRIDGESHIRE_COUNTY,70,781,41655,1255,E07000008,4069.877,0.000,AA,CIVIL ADMINISTRATION AREA,,
Copeland District (B),DIS,District,CUMBRIA_COUNTY,5,593,62424,12966,E07000029,77582.148,3820.783,AA,CIVIL ADMINISTRATION AREA,,
Carlisle District (B),DIS,District,CUMBRIA_COUNTY,8,654,124026,12712,E07000028,105435.848,1506.042,AA,CIVIL ADMINISTRATION AREA,,
South Lakeland District,DIS,District,CUMBRIA_COUNTY,12,779,123328,12934,E07000031,174319.085,19015.887,AA,CIVIL ADMINISTRATION AREA,,
Allerdale District (B),DIS,District,CUMBRIA_COUNTY,23,879,123466,13065,E07000026,132056.380,6276.496,AA,CIVIL ADMINISTRATION AREA,,
Eden District,DIS,District,CUMBRIA_COUNTY,31,989,124024,13049,E07000030,215647.474,0.000,AA,CIVIL ADMINISTRATION AREA,,
Barrow-in-Furness District (B),DIS,District,CUMBRIA_COUNTY,37,1009,62398,12941,E07000027,13206.382,5408.520,AA,CIVIL ADMINISTRATION AREA,,
High Peak District (B),DIS,District,DERBYSHIRE_COUNTY,1,562,53216,13755,E07000037,54025.403,0.000,AA,CIVIL ADMINISTRATION AREA,,
South Derbyshire District,DIS,District,DERBYSHIRE_COUNTY,2,629,124963,13540,E07000039,33812.900,0.000,AA,CIVIL ADMINISTRATION AREA,,
Erewash District (B),DIS,District,DERBYSHIRE_COUNTY,6,667,53095,13264,E07000036,10963.009,0.000,AA,CIVIL ADMINISTRATION AREA,,
North East Derbyshire District,DIS,District,DERBYSHIRE_COUNTY,10,718,52963,13391,E07000038,27562.360,0.000,AA,CIVIL ADMINISTRATION AREA,,
Amber Valley District (B),DIS,District,DERBYSHIRE_COUNTY,18,781,52976,13404,E07000032,26543.782,0.000,AA,CIVIL ADMINISTRATION AREA,,
Bolsover District,DIS,District,DERBYSHIRE_COUNTY,20,818,53019,13359,E07000033,16033.459,0.000,AA,CIVIL ADMINISTRATION AREA,,
Derbyshire Dales District,DIS,District,DERBYSHIRE_COUNTY,22,954,123934,13672,E07000035,79531.792,0.000,AA,CIVIL ADMINISTRATION AREA,,
Chesterfield District (B),DIS,District,DERBYSHIRE_COUNTY,79,992,52679,13717,E07000034,6603.531,0.000,AA,CIVIL ADMINISTRATION AREA,,
North Devon District,DIS,District,DEVON_COUNTY,4,764,122024,22933,E07000043,110504.544,1901.346,AA,CIVIL ADMINISTRATION AREA,,
East Devon District,DIS,District,DEVON_COUNTY,9,952,122081,22713,E07000040,82370.456,934.871,AA,CIVIL ADMINISTRATION AREA,,
Teignbridge District,DIS,District,DEVON_COUNTY,14,1118,122084,22881,E07000045,68100.809,711.546,AA,CIVIL ADMINISTRATION AREA,,
West Devon District (B),DIS,District,DEVON_COUNTY,16,1194,122016,22767,E07000047,116471.774,362.331,AA,CIVIL ADMINISTRATION AREA,,
Mid Devon District,DIS,District,DEVON_COUNTY,22,1286,123234,22902,E07000042,91289.777,0.000,AA,CIVIL ADMINISTRATION AREA,,
Exeter District (B),DIS,District,DEVON_COUNTY,325,1335,124193,22606,E07000041,4788.838,84.538,AA,CIVIL ADMINISTRATION AREA,,
Purbeck District,DIS,District,DORSET_COUNTY,5,449,54548,14363,E07000051,42758.391,2317.159,AA,CIVIL ADMINISTRATION AREA,,
Christchurch District (B),DIS,District,DORSET_COUNTY,8,464,122206,14202,E07000048,5169.562,131.990,AA,CIVIL ADMINISTRATION AREA,,
West Dorset District,DIS,District,DORSET_COUNTY,19,631,53954,14539,E07000052,108706.244,553.381,AA,CIVIL ADMINISTRATION AREA,,
East Dorset District,DIS,District,DORSET_COUNTY,22,674,122192,14422,E07000049,35441.794,0.000,AA,CIVIL ADMINISTRATION AREA,,
North Dorset District,DIS,District,DORSET_COUNTY,23,768,54093,14451,E07000050,60921.790,0.000,AA,CIVIL ADMINISTRATION AREA,,
Weymouth and Portland District (B),DIS,District,DORSET_COUNTY,31,788,54004,14503,E07000053,4299.600,121.798,AA,CIVIL ADMINISTRATION AREA,,
Lewes District,DIS,District,EAST_SUSSEX_COUNTY,10,301,42966,2896,E07000063,29438.924,232.512,AA,CIVIL ADMINISTRATION AREA,,
Rother District,DIS,District,EAST_SUSSEX_COUNTY,17,358,43001,2852,E07000064,51815.326,640.808,AA,CIVIL ADMINISTRATION AREA,,
Wealden District,DIS,District,EAST_SUSSEX_COUNTY,25,440,122246,2678,E07000065,83626.508,126.685,AA,CIVIL ADMINISTRATION AREA,,
Eastbourne District (B),DIS,District,EAST_SUSSEX_COUNTY,28,451,43091,2632,E07000061,4552.910,136.959,AA,CIVIL ADMINISTRATION AREA,,
Hastings District (B),DIS,District,EAST_SUSSEX_COUNTY,51,472,43131,2583,E07000062,3083.193,110.763,AA,CIVIL ADMINISTRATION AREA,,
Brentwood District (B),DIS,District,ESSEX_COUNTY,1,658,66040,19984,E07000068,15312.410,0.000,AA,CIVIL ADMINISTRATION AREA,,
Rochford District,DIS,District,ESSEX_COUNTY,6,688,65665,19625,E07000075,26341.107,9391.564,AA,CIVIL ADMINISTRATION AREA,,
Epping Forest District,DIS,District,ESSEX_COUNTY,11,752,66024,19968,E07000072,33898.398,0.000,AA,CIVIL ADMINISTRATION AREA,,
Tendring District,DIS,District,ESSEX_COUNTY,16,819,65579,19547,E07000076,36581.791,2808.114,AA,CIVIL ADMINISTRATION AREA,,
Uttlesford District,DIS,District,ESSEX_COUNTY,17,902,66089,20033,E07000077,64118.280,0.000,AA,CIVIL ADMINISTRATION AREA,,
Chelmsford District (B),DIS,District,ESSEX_COUNTY,21,957,65747,19701,E07000070,34299.725,75.131,AA,CIVIL ADMINISTRATION AREA,,
Colchester District (B),DIS,District,ESSEX_COUNTY,27,1015,65602,19569,E07000071,34671.325,1352.828,AA,CIVIL ADMINISTRATION AREA,,
Maldon District (B),DIS,District,ESSEX_COUNTY,28,1066,65521,19501,E07000074,42668.833,6850.446,AA,CIVIL ADMINISTRATION AREA,,
Braintree District,DIS,District,ESSEX_COUNTY,29,1158,65847,19795,E07000067,61170.795,0.000,AA,CIVIL ADMINISTRATION AREA,,
Harlow District,DIS,District,ESSEX_COUNTY,41,1177,66137,20080,E07000073,3053.789,0.000,AA,CIVIL ADMINISTRATION AREA,,
Basildon District (B),DIS,District,ESSEX_COUNTY,44,1203,123286,19739,E07000066,11044.585,42.065,AA,CIVIL ADMINISTRATION AREA,,
Castle Point District (B),DIS,District,ESSEX_COUNTY,59,1225,65467,19459,E07000069,6369.849,1862.804,AA,CIVIL ADMINISTRATION AREA,,
Forest of Dean District,DIS,District,GLOUCESTERSHIRE_COUNTY,14,539,124216,20508,E07000080,56143.215,3513.884,AA,CIVIL ADMINISTRATION AREA,,
Cotswold District,DIS,District,GLOUCESTERSHIRE_COUNTY,21,691,57355,20224,E07000079,116452.442,0.000,AA,CIVIL ADMINISTRATION AREA,,
Stroud District,DIS,District,GLOUCESTERSHIRE_COUNTY,24,772,124228,20571,E07000082,47617.314,1552.303,AA,CIVIL ADMINISTRATION AREA,,
Tewkesbury District (B),DIS,District,GLOUCESTERSHIRE_COUNTY,29,846,57513,20380,E07000083,41497.587,56.158,AA,CIVIL ADMINISTRATION AREA,,
Gloucester District (B),DIS,District,GLOUCESTERSHIRE_COUNTY,93,878,57524,20391,E07000081,4082.658,27.355,AA,CIVIL ADMINISTRATION AREA,,
Cheltenham District (B),DIS,District,GLOUCESTERSHIRE_COUNTY,106,906,57403,20272,E07000078,4659.608,0.000,AA,CIVIL ADMINISTRATION AREA,,
Basingstoke and Deane District (B),DIS,District,HAMPSHIRE_COUNTY,8,679,64411,17653,E07000084,63381.724,0.000,AA,CIVIL ADMINISTRATION AREA,,
New Forest District,DIS,District,HAMPSHIRE_COUNTY,9,751,122241,17733,E07000091,77690.900,2386.901,AA,CIVIL ADMINISTRATION AREA,,
Eastleigh District (B),DIS,District,HAMPSHIRE_COUNTY,10,782,122250,17596,E07000086,8526.796,550.369,AA,CIVIL ADMINISTRATION AREA,,
East Hampshire District,DIS,District,HAMPSHIRE_COUNTY,24,867,64067,17315,E07000085,51443.204,0.000,AA,CIVIL ADMINISTRATION AREA,,
Winchester District (B),DIS,District,HAMPSHIRE_COUNTY,26,933,64514,17754,E07000094,66107.067,9.628,AA,CIVIL ADMINISTRATION AREA,,
Test Valley District,DIS,District,HAMPSHIRE_COUNTY,30,1018,122191,43511,E07000093,62762.179,3.145,AA,CIVIL ADMINISTRATION AREA,,
Hart District,DIS,District,HAMPSHIRE_COUNTY,40,1056,64242,17486,E07000089,21526.513,0.000,AA,CIVIL ADMINISTRATION AREA,,
Gosport District (B),DIS,District,HAMPSHIRE_COUNTY,73,1079,64132,17378,E07000088,2757.782,224.879,AA,CIVIL ADMINISTRATION AREA,,
Fareham District (B),DIS,District,HAMPSHIRE_COUNTY,79,1098,64300,17544,E07000087,7779.974,355.657,AA,CIVIL ADMINISTRATION AREA,,
Havant District (B),DIS,District,HAMPSHIRE_COUNTY,84,1114,64049,17297,E07000090,7909.948,2372.645,AA,CIVIL ADMINISTRATION AREA,,
Rushmoor District (B),DIS,District,HAMPSHIRE_COUNTY,106,1132,64025,17275,E07000092,3904.512,0.000,AA,CIVIL ADMINISTRATION AREA,,
Three Rivers District,DIS,District,HERTFORDSHIRE_COUNTY,1,416,44310,3826,E07000102,8882.425,0.000,AA,CIVIL ADMINISTRATION AREA,,
Hertsmere District (B),DIS,District,HERTFORDSHIRE_COUNTY,2,438,126845,3708,E07000098,10112.811,0.000,AA,CIVIL ADMINISTRATION AREA,,
Broxbourne District (B),DIS,District,HERTFORDSHIRE_COUNTY,6,451,44103,3623,E07000095,5144.220,0.000,AA,CIVIL ADMINISTRATION AREA,,
Dacorum District (B),DIS,District,HERTFORDSHIRE_COUNTY,9,496,44140,3923,E07000096,21247.634,0.000,AA,CIVIL ADMINISTRATION AREA,,
East Hertfordshire District,DIS,District,HERTFORDSHIRE_COUNTY,10,577,44009,3679,E07000242,47566.918,0.000,AA,CIVIL ADMINISTRATION AREA,,
St. Albans District (B),DIS,District,HERTFORDSHIRE_COUNTY,14,610,44271,3876,E07000240,16120.590,0.000,AA,CIVIL ADMINISTRATION AREA,,
Welwyn Hatfield District (B),DIS,District,HERTFORDSHIRE_COUNTY,18,637,43968,3728,E07000241,12953.692,0.000,AA,CIVIL ADMINISTRATION AREA,,
North Hertfordshire District,DIS,District,HERTFORDSHIRE_COUNTY,22,700,44204,3897,E07000099,37538.234,0.000,AA,CIVIL ADMINISTRATION AREA,,
Watford District (B),DIS,District,HERTFORDSHIRE_COUNTY,39,719,126827,3796,E07000103,2143.032,0.000,AA,CIVIL ADMINISTRATION AREA,,
Stevenage District (B),DIS,District,HERTFORDSHIRE_COUNTY,95,745,43984,3744,E07000243,2596.930,0.000,AA,CIVIL ADMINISTRATION AREA,,
Tunbridge Wells District (B),DIS,District,KENT_COUNTY,1,692,122248,18650,E07000116,33132.895,0.000,AA,CIVIL ADMINISTRATION AREA,,
Shepway District,DIS,District,KENT_COUNTY,3,737,124068,18085,E07000112,36551.523,875.041,AA,CIVIL ADMINISTRATION AREA,,
Sevenoaks District,DIS,District,KENT_COUNTY,4,795,122320,18593,E07000111,37034.689,0.000,AA,CIVIL ADMINISTRATION AREA,,
Tonbridge and Malling District (B),DIS,District,KENT_COUNTY,6,849,122322,18343,E07000115,24097.332,84.801,AA,CIVIL ADMINISTRATION AREA,,
Thanet District,DIS,District,KENT_COUNTY,7,885,69151,18130,E07000114,11233.888,899.979,AA,CIVIL ADMINISTRATION AREA,,
Ashford District (B),DIS,District,KENT_COUNTY,8,964,124075,18232,E07000105,58061.731,0.000,AA,CIVIL ADMINISTRATION AREA,,
Canterbury District (B),DIS,District,KENT_COUNTY,16,1018,69161,18139,E07000106,32088.931,1200.573,AA,CIVIL ADMINISTRATION AREA,,
Dover District,DIS,District,KENT_COUNTY,18,1076,68995,17977,E07000108,32082.734,576.119,AA,CIVIL ADMINISTRATION AREA,,
Maidstone District (B),DIS,District,KENT_COUNTY,23,1147,69248,18224,E07000110,39335.069,1.809,AA,CIVIL ADMINISTRATION AREA,,
Swale District (B),DIS,District,KENT_COUNTY,24,1211,69266,18242,E07000113,42209.543,4762.876,AA,CIVIL ADMINISTRATION AREA,,
Dartford District (B),DIS,District,KENT_COUNTY,68,1252,122327,18638,E07000107,7631.039,354.642,AA,CIVIL ADMINISTRATION AREA,,
Gravesham District (B),DIS,District,KENT_COUNTY,71,1279,122329,18515,E07000109,10495.884,593.871,AA,CIVIL ADMINISTRATION AREA,,
West Lancashire District (B),DIS,District,LANCASHIRE_COUNTY,3,610,45636,4912,E07000127,38109.498,3431.106,AA,CIVIL ADMINISTRATION AREA,,
Lancaster District (B),DIS,District,LANCASHIRE_COUNTY,8,679,121923,4925,E07000121,65421.014,7007.677,AA,CIVIL ADMINISTRATION AREA,,
Chorley District (B),DIS,District,LANCASHIRE_COUNTY,10,725,117525,4768,E07000118,20290.544,10.890,AA,CIVIL ADMINISTRATION AREA,,
South Ribble District (B),DIS,District,LANCASHIRE_COUNTY,11,758,45736,4834,E07000126,11461.505,165.949,AA,CIVIL ADMINISTRATION AREA,,
Rossendale District (B),DIS,District,LANCASHIRE_COUNTY,14,776,45606,4572,E07000125,13804.081,0.000,AA,CIVIL ADMINISTRATION AREA,,
Fylde District (B),DIS,District,LANCASHIRE_COUNTY,15,814,124004,4985,E07000119,18263.340,1686.292,AA,CIVIL ADMINISTRATION AREA,,
Preston District (B),DIS,District,LANCASHIRE_COUNTY,17,848,45666,4853,E07000123,14294.477,65.112,AA,CIVIL ADMINISTRATION AREA,,
Wyre District (B),DIS,District,LANCASHIRE_COUNTY,19,896,45646,4922,E07000128,32903.022,4691.574,AA,CIVIL ADMINISTRATION AREA,,
Pendle District (B),DIS,District,LANCASHIRE_COUNTY,28,941,123567,43744,E07000122,16938.014,0.000,AA,CIVIL ADMINISTRATION AREA,,
Ribble Valley District (B),DIS,District,LANCASHIRE_COUNTY,32,1016,45125,4713,E07000124,58447.153,0.000,AA,CIVIL ADMINISTRATION AREA,,
Hyndburn District (B),DIS,District,LANCASHIRE_COUNTY,69,1046,45572,4627,E07000120,7299.748,0.000,AA,CIVIL ADMINISTRATION AREA,,
Burnley District (B),DIS,District,LANCASHIRE_COUNTY,75,1074,45600,4566,E07000117,11068.403,0.000,AA,CIVIL ADMINISTRATION AREA,,
Hinckley and Bosworth District (B),DIS,District,LEICESTERSHIRE_COUNTY,3,481,58185,23555,E07000132,29734.936,0.000,AA,CIVIL ADMINISTRATION AREA,,
North West Leicestershire District,DIS,District,LEICESTERSHIRE_COUNTY,5,553,58246,23615,E07000134,27932.798,0.000,AA,CIVIL ADMINISTRATION AREA,,
Melton District (B),DIS,District,LEICESTERSHIRE_COUNTY,9,597,57980,23352,E07000133,48138.047,0.000,AA,CIVIL ADMINISTRATION AREA,,
Harborough District,DIS,District,LEICESTERSHIRE_COUNTY,10,715,57907,23279,E07000131,59269.191,0.000,AA,CIVIL ADMINISTRATION AREA,,
Blaby District,DIS,District,LEICESTERSHIRE_COUNTY,18,761,58216,23585,E07000129,13046.876,0.000,AA,CIVIL ADMINISTRATION AREA,,
Charnwood District (B),DIS,District,LEICESTERSHIRE_COUNTY,27,830,58081,23452,E07000130,27904.229,0.000,AA,CIVIL ADMINISTRATION AREA,,
Oadby and Wigston District (B),DIS,District,LEICESTERSHIRE_COUNTY,69,850,58042,23413,E07000135,2352.607,0.000,AA,CIVIL ADMINISTRATION AREA,,
West Lindsey District,DIS,District,LINCOLNSHIRE_COUNTY,6,904,46484,43527,E07000142,115765.221,192.014,AA,CIVIL ADMINISTRATION AREA,,
South Kesteven District,DIS,District,LINCOLNSHIRE_COUNTY,11,1020,46463,5557,E07000141,94258.573,0.000,AA,CIVIL ADMINISTRATION AREA,,
South Holland District,DIS,District,LINCOLNSHIRE_COUNTY,18,1065,46415,5599,E07000140,81550.359,6459.154,AA,CIVIL ADMINISTRATION AREA,,
Boston District (B),DIS,District,LINCOLNSHIRE_COUNTY,22,1101,45848,5306,E07000136,39779.284,3290.284,AA,CIVIL ADMINISTRATION AREA,,
North Kesteven District,DIS,District,LINCOLNSHIRE_COUNTY,27,1207,46448,5542,E07000139,92247.132,0.000,AA,CIVIL ADMINISTRATION AREA,,
East Lindsey District,DIS,District,LINCOLNSHIRE_COUNTY,33,1434,45859,5317,E07000137,183107.284,6606.824,AA,CIVIL ADMINISTRATION AREA,,
Lincoln District (B),DIS,District,LINCOLNSHIRE_COUNTY,111,1467,46264,5716,E07000138,3569.019,0.000,AA,CIVIL ADMINISTRATION AREA,,
Great Yarmouth District (B),DIS,District,NORFOLK_COUNTY,7,1018,47592,6392,E07000145,18247.202,800.133,AA,CIVIL ADMINISTRATION AREA,,
South Norfolk District,DIS,District,NORFOLK_COUNTY,8,1174,47297,6724,E07000149,90890.662,120.144,AA,CIVIL ADMINISTRATION AREA,,
King's Lynn and West Norfolk District (B),DIS,District,NORFOLK_COUNTY,14,1324,47869,7016,E07000146,152759.861,8924.667,AA,CIVIL ADMINISTRATION AREA,,
Breckland District,DIS,District,NORFOLK_COUNTY,21,1469,47905,6917,E07000143,130511.665,0.000,AA,CIVIL ADMINISTRATION AREA,,
Norwich District (B),DIS,District,NORFOLK_COUNTY,106,1600,47246,6759,E07000148,4055.412,153.063,AA,CIVIL ADMINISTRATION AREA,,
South Northamptonshire District,DIS,District,NORTHAMPTONSHIRE_COUNTY,11,587,123795,7306,E07000155,63402.325,0.000,AA,CIVIL ADMINISTRATION AREA,,
East Northamptonshire District,DIS,District,NORTHAMPTONSHIRE_COUNTY,17,670,48599,7301,E07000152,50978.721,0.000,AA,CIVIL ADMINISTRATION AREA,,
Daventry District,DIS,District,NORTHAMPTONSHIRE_COUNTY,20,762,123794,7451,E07000151,66560.051,0.000,AA,CIVIL ADMINISTRATION AREA,,
Wellingborough District (B),DIS,District,NORTHAMPTONSHIRE_COUNTY,21,798,48654,7356,E07000156,16303.655,0.000,AA,CIVIL ADMINISTRATION AREA,,
Kettering District (B),DIS,District,NORTHAMPTONSHIRE_COUNTY,25,846,124234,7408,E07000153,23348.993,0.000,AA,CIVIL ADMINISTRATION AREA,,
Northampton District (B),DIS,District,NORTHAMPTONSHIRE_COUNTY,51,895,48415,7473,E07000154,8077.189,0.000,AA,CIVIL ADMINISTRATION AREA,,
Corby District (B),DIS,District,NORTHAMPTONSHIRE_COUNTY,94,924,48585,7288,E07000150,8028.095,0.000,AA,CIVIL ADMINISTRATION AREA,,
Scarborough District (B),DIS,District,NORTH_YORKSHIRE_COUNTY,1,1037,60127,21355,E07000168,82625.345,976.648,AA,CIVIL ADMINISTRATION AREA,,
Selby District,DIS,District,NORTH_YORKSHIRE_COUNTY,2,1131,59823,21055,E07000169,60222.309,291.232,AA,CIVIL ADMINISTRATION AREA,,
Craven District,DIS,District,NORTH_YORKSHIRE_COUNTY,3,1221,60470,21698,E07000163,117880.738,0.000,AA,CIVIL ADMINISTRATION AREA,,
Richmondshire District,DIS,District,NORTH_YORKSHIRE_COUNTY,11,1351,60760,21986,E07000166,131870.729,0.000,AA,CIVIL ADMINISTRATION AREA,,
Harrogate District (B),DIS,District,NORTH_YORKSHIRE_COUNTY,13,1528,60262,21490,E07000165,130912.749,0.000,AA,CIVIL ADMINISTRATION AREA,,
Ryedale District,DIS,District,NORTH_YORKSHIRE_COUNTY,15,1664,60062,21291,E07000167,150659.381,0.000,AA,CIVIL ADMINISTRATION AREA,,
Hambleton District,DIS,District,NORTH_YORKSHIRE_COUNTY,18,1861,60254,21482,E07000164,131122.818,0.000,AA,CIVIL ADMINISTRATION AREA,,
Bassetlaw District,DIS,District,NOTTINGHAMSHIRE_COUNTY,2,561,48857,8122,E07000171,63949.282,168.898,AA,CIVIL ADMINISTRATION AREA,,
Rushcliffe District (B),DIS,District,NOTTINGHAMSHIRE_COUNTY,4,648,124210,7731,E07000176,40923.148,0.000,AA,CIVIL ADMINISTRATION AREA,,
Gedling District (B),DIS,District,NOTTINGHAMSHIRE_COUNTY,5,680,49007,7914,E07000173,11998.161,0.000,AA,CIVIL ADMINISTRATION AREA,,
Ashfield District,DIS,District,NOTTINGHAMSHIRE_COUNTY,8,709,48973,7969,E07000170,10955.792,0.000,AA,CIVIL ADMINISTRATION AREA,,
Newark and Sherwood District,DIS,District,NOTTINGHAMSHIRE_COUNTY,16,818,48834,8100,E07000175,65183.548,49.489,AA,CIVIL ADMINISTRATION AREA,,
Broxtowe District (B),DIS,District,NOTTINGHAMSHIRE_COUNTY,26,853,49001,7997,E07000172,8009.880,0.000,AA,CIVIL ADMINISTRATION AREA,,
Mansfield District,DIS,District,NOTTINGHAMSHIRE_COUNTY,60,905,48816,8167,E07000174,7669.688,0.000,AA,CIVIL ADMINISTRATION AREA,,
Vale of White Horse District,DIS,District,OXFORDSHIRE_COUNTY,11,595,49373,8439,E07000180,57864.468,0.000,AA,CIVIL ADMINISTRATION AREA,,
South Oxfordshire District,DIS,District,OXFORDSHIRE_COUNTY,13,705,49545,8253,E07000179,67853.708,0.000,AA,CIVIL ADMINISTRATION AREA,,
Cherwell District,DIS,District,OXFORDSHIRE_COUNTY,24,807,49324,8504,E07000177,58874.116,0.000,AA,CIVIL ADMINISTRATION AREA,,
West Oxfordshire District,DIS,District,OXFORDSHIRE_COUNTY,29,919,70669,8571,E07000181,71442.184,0.000,AA,CIVIL ADMINISTRATION AREA,,
Oxford District (B),DIS,District,OXFORDSHIRE_COUNTY,80,959,49382,8448,E07000178,4560.289,0.000,AA,CIVIL ADMINISTRATION AREA,,
West Somerset District,DIS,District,SOMERSET_COUNTY,2,585,62049,10687,E07000191,74704.965,2015.210,AA,CIVIL ADMINISTRATION AREA,,
Mendip District,DIS,District,SOMERSET_COUNTY,3,683,61856,43462,E07000187,73943.545,0.000,AA,CIVIL ADMINISTRATION AREA,,
Taunton Deane District (B),DIS,District,SOMERSET_COUNTY,6,762,61826,10370,E07000190,46250.304,13.583,AA,CIVIL ADMINISTRATION AREA,,
South Somerset District,DIS,District,SOMERSET_COUNTY,9,925,61840,10495,E07000189,95905.811,1.790,AA,CIVIL ADMINISTRATION AREA,,
Sedgemoor District,DIS,District,SOMERSET_COUNTY,12,1005,61964,10575,E07000188,60587.400,4151.555,AA,CIVIL ADMINISTRATION AREA,,
Staffordshire Moorlands District,DIS,District,STAFFORDSHIRE_COUNTY,2,497,123939,15068,E07000198,57584.983,0.000,AA,CIVIL ADMINISTRATION AREA,,
South Staffordshire District,DIS,District,STAFFORDSHIRE_COUNTY,4,553,120376,14855,E07000196,40732.224,0.000,AA,CIVIL ADMINISTRATION AREA,,
Lichfield District,DIS,District,STAFFORDSHIRE_COUNTY,6,605,54987,14797,E07000194,33129.448,0.000,AA,CIVIL ADMINISTRATION AREA,,
Newcastle-under-Lyme District (B),DIS,District,STAFFORDSHIRE_COUNTY,13,645,55064,15178,E07000195,21095.733,0.000,AA,CIVIL ADMINISTRATION AREA,,
Stafford District (B),DIS,District,STAFFORDSHIRE_COUNTY,22,710,54819,14892,E07000197,59817.223,0.000,AA,CIVIL ADMINISTRATION AREA,,
East Staffordshire District (B),DIS,District,STAFFORDSHIRE_COUNTY,25,772,124961,15064,E07000193,38998.502,0.000,AA,CIVIL ADMINISTRATION AREA,,
Cannock Chase District,DIS,District,STAFFORDSHIRE_COUNTY,45,802,70783,14869,E07000192,7888.258,0.000,AA,CIVIL ADMINISTRATION AREA,,
Tamworth District (B),DIS,District,STAFFORDSHIRE_COUNTY,183,835,55003,14727,E07000199,3085.073,0.000,AA,CIVIL ADMINISTRATION AREA,,
Waveney District,DIS,District,SUFFOLK_COUNTY,1,784,55331,15440,E07000206,37478.634,465.466,AA,CIVIL ADMINISTRATION AREA,,
Babergh District,DIS,District,SUFFOLK_COUNTY,5,891,55585,15692,E07000200,61204.129,1682.600,AA,CIVIL ADMINISTRATION AREA,,
Suffolk Coastal District,DIS,District,SUFFOLK_COUNTY,9,1038,55401,15508,E07000205,92070.049,2897.076,AA,CIVIL ADMINISTRATION AREA,,
St. Edmundsbury District (B),DIS,District,SUFFOLK_COUNTY,10,1150,55540,15647,E07000204,65696.502,0.000,AA,CIVIL ADMINISTRATION AREA,,
Forest Heath District,DIS,District,SUFFOLK_COUNTY,12,1188,55762,15867,E07000201,37771.094,0.000,AA,CIVIL ADMINISTRATION AREA,,
Mid Suffolk District,DIS,District,SUFFOLK_COUNTY,20,1346,55567,15674,E07000203,87107.070,0.000,AA,CIVIL ADMINISTRATION AREA,,
Ipswich District (B),DIS,District,SUFFOLK_COUNTY,44,1371,55204,15314,E07000202,4030.023,77.678,AA,CIVIL ADMINISTRATION AREA,,
Waverley District (B),DIS,District,SURREY_COUNTY,5,423,53333,14119,E07000216,34517.026,0.000,AA,CIVIL ADMINISTRATION AREA,,
Tandridge District,DIS,District,SURREY_COUNTY,14,469,122256,13870,E07000215,24819.463,0.000,AA,CIVIL ADMINISTRATION AREA,,
Woking District (B),DIS,District,SURREY_COUNTY,17,482,53249,14192,E07000217,6360.361,0.000,AA,CIVIL ADMINISTRATION AREA,,
Surrey Heath District (B),DIS,District,SURREY_COUNTY,18,506,53365,14064,E07000214,9509.303,0.000,AA,CIVIL ADMINISTRATION AREA,,
Runnymede District (B),DIS,District,SURREY_COUNTY,22,524,53361,14060,E07000212,7804.068,0.000,AA,CIVIL ADMINISTRATION AREA,,
Guildford District (B),DIS,District,SURREY_COUNTY,26,573,53390,14002,E07000209,27093.113,0.000,AA,CIVIL ADMINISTRATION AREA,,
Reigate and Banstead District (B),DIS,District,SURREY_COUNTY,27,596,125711,13893,E07000211,12914.397,0.000,AA,CIVIL ADMINISTRATION AREA,,
Mole Valley District,DIS,District,SURREY_COUNTY,36,635,53551,44474,E07000210,25832.097,0.000,AA,CIVIL ADMINISTRATION AREA,,
Elmbridge District (B),DIS,District,SURREY_COUNTY,39,655,53457,13981,E07000207,9633.430,0.000,AA,CIVIL ADMINISTRATION AREA,,
Spelthorne District (B),DIS,District,SURREY_COUNTY,41,670,53298,14169,E07000213,5116.143,0.000,AA,CIVIL ADMINISTRATION AREA,,
Epsom and Ewell District (B),DIS,District,SURREY_COUNTY,117,705,125714,13949,E07000208,3407.917,0.000,AA,CIVIL ADMINISTRATION AREA,,
North Warwickshire District (B),DIS,District,WARWICKSHIRE_COUNTY,2,437,58670,10124,E07000218,28426.361,0.000,AA,CIVIL ADMINISTRATION AREA,,
Rugby District (B),DIS,District,WARWICKSHIRE_COUNTY,9,499,58430,9885,E07000220,35355.733,0.000,AA,CIVIL ADMINISTRATION AREA,,
Warwick District,DIS,District,WARWICKSHIRE_COUNTY,11,554,58361,43516,E07000222,28288.230,0.000,AA,CIVIL ADMINISTRATION AREA,,
Stratford-on-Avon District,DIS,District,WARWICKSHIRE_COUNTY,15,706,58488,9943,E07000221,97786.904,0.000,AA,CIVIL ADMINISTRATION AREA,,
Nuneaton and Bedworth District (B),DIS,District,WARWICKSHIRE_COUNTY,74,743,58602,10057,E07000219,7895.029,0.000,AA,CIVIL ADMINISTRATION AREA,,
Arun District,DIS,District,WEST_SUSSEX_COUNTY,2,428,56228,16438,E07000224,22428.090,334.825,AA,CIVIL ADMINISTRATION AREA,,
Adur District,DIS,District,WEST_SUSSEX_COUNTY,3,447,56008,16223,E07000223,4356.388,163.412,AA,CIVIL ADMINISTRATION AREA,,
Chichester District,DIS,District,WEST_SUSSEX_COUNTY,10,547,56234,16444,E07000225,81187.326,2565.736,AA,CIVIL ADMINISTRATION AREA,,
Mid Sussex District,DIS,District,WEST_SUSSEX_COUNTY,12,599,55996,16211,E07000228,33402.929,0.000,AA,CIVIL ADMINISTRATION AREA,,
Horsham District,DIS,District,WEST_SUSSEX_COUNTY,23,659,122392,16340,E07000227,53096.211,69.120,AA,CIVIL ADMINISTRATION AREA,,
Worthing District (B),DIS,District,WEST_SUSSEX_COUNTY,53,684,56047,16261,E07000229,3378.267,126.086,AA,CIVIL ADMINISTRATION AREA,,
Crawley District (B),DIS,District,WEST_SUSSEX_COUNTY,116,709,56143,16356,E07000226,4497.118,0.000,AA,CIVIL ADMINISTRATION AREA,,
Malvern Hills District,DIS,District,WORCESTERSHIRE_COUNTY,16,482,43350,3292,E07000235,57707.100,0.000,AA,CIVIL ADMINISTRATION AREA,,
Wyre Forest District,DIS,District,WORCESTERSHIRE_COUNTY,22,511,43360,3214,E07000239,19540.376,0.000,AA,CIVIL ADMINISTRATION AREA,,
Wychavon District,DIS,District,WORCESTERSHIRE_COUNTY,24,637,43452,3127,E07000238,66354.195,0.000,AA,CIVIL ADMINISTRATION AREA,,
Bromsgrove District,DIS,District,WORCESTERSHIRE_COUNTY,31,690,43493,3080,E07000234,21696.846,0.000,AA,CIVIL ADMINISTRATION AREA,,
Worcester District (B),DIS,District,WORCESTERSHIRE_COUNTY,92,714,43459,3134,E07000237,3327.817,0.000,AA,CIVIL ADMINISTRATION AREA,,
Redditch District (B),DIS,District,WORCESTERSHIRE_COUNTY,104,730,43498,3085,E07000236,5425.095,0.000,AA,CIVIL ADMINISTRATION AREA,,
Kingston upon Thames London Boro,LBO,London Borough,GREATER_LONDON_AUTHORITY,3,754,50448,11412,E09000021,3726.117,0.000,AA,CIVIL ADMINISTRATION AREA,,
Croydon London Boro,LBO,London Borough,GREATER_LONDON_AUTHORITY,6,781,51330,10896,E09000008,8649.441,0.000,AA,CIVIL ADMINISTRATION AREA,,
Bromley London Boro,LBO,London Borough,GREATER_LONDON_AUTHORITY,9,805,50904,10772,E09000006,15013.487,0.000,AA,CIVIL ADMINISTRATION AREA,,
Hounslow London Boro,LBO,London Borough,GREATER_LONDON_AUTHORITY,12,828,51138,11489,E09000018,5658.541,60.755,AA,CIVIL ADMINISTRATION AREA,,
Ealing London Boro,LBO,London Borough,GREATER_LONDON_AUTHORITY,14,853,50523,11399,E09000009,5554.428,0.000,AA,CIVIL ADMINISTRATION AREA,,
Havering London Boro,LBO,London Borough,GREATER_LONDON_AUTHORITY,18,874,50851,10807,E09000016,11445.735,210.763,AA,CIVIL ADMINISTRATION AREA,,
Hillingdon London Boro,LBO,London Borough,GREATER_LONDON_AUTHORITY,20,898,51011,11539,E09000017,11570.063,0.000,AA,CIVIL ADMINISTRATION AREA,,
Harrow London Boro,LBO,London Borough,GREATER_LONDON_AUTHORITY,24,923,50515,11391,E09000015,5046.330,0.000,AA,CIVIL ADMINISTRATION AREA,,
Brent London Boro,LBO,London Borough,GREATER_LONDON_AUTHORITY,26,946,50485,11447,E09000005,4323.270,0.000,AA,CIVIL ADMINISTRATION AREA,,
Barnet London Boro,LBO,London Borough,GREATER_LONDON_AUTHORITY,29,970,119320,11378,E09000003,8674.837,0.000,AA,CIVIL ADMINISTRATION AREA,,
Lambeth London Boro,LBO,London Borough,GREATER_LONDON_AUTHORITY,31,993,50792,11144,E09000022,2724.940,43.927,AA,CIVIL ADMINISTRATION AREA,,
Southwark London Boro,LBO,London Borough,GREATER_LONDON_AUTHORITY,34,1017,51271,11013,E09000028,2991.340,105.139,AA,CIVIL ADMINISTRATION AREA,,
Lewisham London Boro,LBO,London Borough,GREATER_LONDON_AUTHORITY,36,1037,51209,11039,E09000023,3531.706,16.795,AA,CIVIL ADMINISTRATION AREA,,
Greenwich London Boro,LBO,London Borough,GREATER_LONDON_AUTHORITY,39,1057,50909,10777,E09000011,5044.190,310.785,AA,CIVIL ADMINISTRATION AREA,,
Bexley London Boro,LBO,London Borough,GREATER_LONDON_AUTHORITY,42,1080,50891,10759,E09000004,6428.649,371.119,AA,CIVIL ADMINISTRATION AREA,,
Enfield London Boro,LBO,London Borough,GREATER_LONDON_AUTHORITY,46,1105,50541,11329,E09000010,8220.025,0.000,AA,CIVIL ADMINISTRATION AREA,,
Waltham Forest London Boro,LBO,London Borough,GREATER_LONDON_AUTHORITY,49,1128,50687,11213,E09000031,3880.793,0.000,AA,CIVIL ADMINISTRATION AREA,,
Redbridge London Boro,LBO,London Borough,GREATER_LONDON_AUTHORITY,51,1151,51301,10955,E09000026,5644.225,2.300,AA,CIVIL ADMINISTRATION AREA,,
Sutton London Boro,LBO,London Borough,GREATER_LONDON_AUTHORITY,55,1171,50829,10873,E09000029,4384.698,0.000,AA,CIVIL ADMINISTRATION AREA,,
Richmond upon Thames London Boro,LBO,London Borough,GREATER_LONDON_AUTHORITY,57,1191,50463,11427,E09000027,5876.111,135.443,AA,CIVIL ADMINISTRATION AREA,,
Merton London Boro,LBO,London Borough,GREATER_LONDON_AUTHORITY,59,1213,122401,10995,E09000024,3762.466,0.000,AA,CIVIL ADMINISTRATION AREA,,
Wandsworth London Boro,LBO,London Borough,GREATER_LONDON_AUTHORITY,62,1236,122400,11127,E09000032,3522.022,95.679,AA,CIVIL ADMINISTRATION AREA,,
Hammersmith and Fulham London Boro,LBO,London Borough,GREATER_LONDON_AUTHORITY,70,1254,50647,11259,E09000013,1715.409,75.648,AA,CIVIL ADMINISTRATION AREA,,
Kensington and Chelsea London Boro,LBO,London Borough,GREATER_LONDON_AUTHORITY,73,1275,50658,11270,E09000020,1238.379,25.994,AA,CIVIL ADMINISTRATION AREA,,
City of Westminster London Boro,LBO,London Borough,GREATER_LONDON_AUTHORITY,74,1297,50724,11164,E09000033,2203.005,54.308,AA,CIVIL ADMINISTRATION AREA,,
Camden London Boro,LBO,London Borough,GREATER_LONDON_AUTHORITY,77,1317,50632,11244,E09000007,2178.932,0.000,AA,CIVIL ADMINISTRATION AREA,,
Tower Hamlets London Boro,LBO,London Borough,GREATER_LONDON_AUTHORITY,82,1339,50746,11185,E09000030,2157.501,178.867,AA,CIVIL ADMINISTRATION AREA,,
Islington London Boro,LBO,London Borough,GREATER_LONDON_AUTHORITY,84,1357,50581,11281,E09000019,1485.664,0.000,AA,CIVIL ADMINISTRATION AREA,,
Hackney London Boro,LBO,London Borough,GREATER_LONDON_AUTHORITY,86,1380,50673,11199,E09000012,1904.902,0.000,AA,CIVIL ADMINISTRATION AREA,,
Haringey London Boro,LBO,London Borough,GREATER_LONDON_AUTHORITY,88,1401,119322,11290,E09000014,2959.837,0.000,AA,CIVIL ADMINISTRATION AREA,,
Newham London Boro,LBO,London Borough,GREATER_LONDON_AUTHORITY,91,1423,51363,10929,E09000025,3857.806,237.637,AA,CIVIL ADMINISTRATION AREA,,
Barking and Dagenham London Boro,LBO,London Borough,GREATER_LONDON_AUTHORITY,93,1442,51295,10949,E09000002,3779.934,169.150,AA,CIVIL ADMINISTRATION AREA,,
City and County of the City of London,LBO,London Borough,GREATER_LONDON_AUTHORITY,552,1469,51187,11105,E09000001,314.942,24.546,AA,CIVIL ADMINISTRATION AREA,,
Barnsley District (B),MTD,Metropolitan District,BARNSLEY_DISTRICT_(B),6,82,50242,9182,E08000016,32907.763,0.000,AA,CIVIL ADMINISTRATION AREA,,
Birmingham District (B),MTD,Metropolitan District,BIRMINGHAM_DISTRICT_(B),9,88,40111,18,E08000025,26779.121,0.000,AA,CIVIL ADMINISTRATION AREA,,
Bolton District (B),MTD,Metropolitan District,BOLTON_DISTRICT_(B),13,50,56602,18832,E08000001,13979.210,0.000,AA,CIVIL ADMINISTRATION AREA,,
Bradford District (B),MTD,Metropolitan District,BRADFORD_DISTRICT_(B),2,105,61045,16726,E08000032,36641.986,0.000,AA,CIVIL ADMINISTRATION AREA,,
Bury District (B),MTD,Metropolitan District,BURY_DISTRICT_(B),9,38,56616,18846,E08000002,9946.009,0.000,AA,CIVIL ADMINISTRATION AREA,,
Calderdale District (B),MTD,Metropolitan District,CALDERDALE_DISTRICT_(B),11,52,61033,16714,E08000033,36396.104,0.000,AA,CIVIL ADMINISTRATION AREA,,
City of Wolverhampton District (B),MTD,Metropolitan District,CITY_OF_WOLVERHAMPTON_DISTRICT_(B),3,44,71123,156,E08000031,6943.665,0.000,AA,CIVIL ADMINISTRATION AREA,,
Coventry District (B),MTD,Metropolitan District,COVENTRY_DISTRICT_(B),12,46,40128,33,E08000026,9863.907,0.000,AA,CIVIL ADMINISTRATION AREA,,
Doncaster District (B),MTD,Metropolitan District,DONCASTER_DISTRICT_(B),17,130,50410,9082,E08000017,56855.102,52.907,AA,CIVIL ADMINISTRATION AREA,,
Dudley District (B),MTD,Metropolitan District,DUDLEY_DISTRICT_(B),18,52,40070,109,E08000027,9795.819,0.000,AA,CIVIL ADMINISTRATION AREA,,
Gateshead District (B),MTD,Metropolitan District,GATESHEAD_DISTRICT_(B),8,51,50158,9716,E08000037,14407.989,172.067,AA,CIVIL ADMINISTRATION AREA,,
Kirklees District (B),MTD,Metropolitan District,KIRKLEES_DISTRICT_(B),11,59,60983,16665,E08000034,40855.166,0.000,AA,CIVIL ADMINISTRATION AREA,,
Knowsley District (B),MTD,Metropolitan District,KNOWSLEY_DISTRICT_(B),6,45,125692,44503,E08000011,8650.007,0.000,AA,CIVIL ADMINISTRATION AREA,,
Leeds District (B),MTD,Metropolitan District,LEEDS_DISTRICT_(B),11,147,60993,16675,E08000035,55170.639,0.000,AA,CIVIL ADMINISTRATION AREA,,
Liverpool District (B),MTD,Metropolitan District,LIVERPOOL_DISTRICT_(B),8,64,46674,5974,E08000012,13353.380,2169.823,AA,CIVIL ADMINISTRATION AREA,,
Manchester District (B),MTD,Metropolitan District,MANCHESTER_DISTRICT_(B),4,70,56591,18821,E08000003,11564.826,0.000,AA,CIVIL ADMINISTRATION AREA,,
Newcastle upon Tyne District (B),MTD,Metropolitan District,NEWCASTLE_UPON_TYNE_DISTRICT_(B),14,70,50046,9784,E08000021,11511.782,166.154,AA,CIVIL ADMINISTRATION AREA,,
North Tyneside District (B),MTD,Metropolitan District,NORTH_TYNESIDE_DISTRICT_(B),10,44,50140,9699,E08000022,8481.918,250.208,AA,CIVIL ADMINISTRATION AREA,,
Oldham District (B),MTD,Metropolitan District,OLDHAM_DISTRICT_(B),8,48,56458,18690,E08000004,14234.507,0.000,AA,CIVIL ADMINISTRATION AREA,,
Rochdale District (B),MTD,Metropolitan District,ROCHDALE_DISTRICT_(B),4,44,56595,18825,E08000005,15812.803,0.000,AA,CIVIL ADMINISTRATION AREA,,
Rotherham District (B),MTD,Metropolitan District,ROTHERHAM_DISTRICT_(B),3,106,50362,9123,E08000018,28653.431,0.000,AA,CIVIL ADMINISTRATION AREA,,
Salford District (B),MTD,Metropolitan District,SALFORD_DISTRICT_(B),6,44,56575,18805,E08000006,9719.732,0.000,AA,CIVIL ADMINISTRATION AREA,,
Sandwell District (B),MTD,Metropolitan District,SANDWELL_DISTRICT_(B),3,52,40177,81,E08000028,8555.891,0.000,AA,CIVIL ADMINISTRATION AREA,,
Sefton District (B),MTD,Metropolitan District,SEFTON_DISTRICT_(B),9,69,46660,5960,E08000014,20477.967,4978.873,AA,CIVIL ADMINISTRATION AREA,,
Sheffield District (B),MTD,Metropolitan District,SHEFFIELD_DISTRICT_(B),6,66,50352,9113,E08000019,36793.009,0.000,AA,CIVIL ADMINISTRATION AREA,,
Solihull District (B),MTD,Metropolitan District,SOLIHULL_DISTRICT_(B),3,69,40102,9,E08000029,17828.205,0.000,AA,CIVIL ADMINISTRATION AREA,,
South Tyneside District (B),MTD,Metropolitan District,SOUTH_TYNESIDE_DISTRICT_(B),10,40,50126,9685,E08000023,6710.839,271.410,AA,CIVIL ADMINISTRATION AREA,,
Stockport District (B),MTD,Metropolitan District,STOCKPORT_DISTRICT_(B),12,50,56527,18757,E08000007,12604.032,0.000,AA,CIVIL ADMINISTRATION AREA,,
St. Helens District (B),MTD,Metropolitan District,ST_HELENS_DISTRICT_(B),3,49,46801,6000,E08000013,13635.876,0.000,AA,CIVIL ADMINISTRATION AREA,,
Sunderland District (B),MTD,Metropolitan District,SUNDERLAND_DISTRICT_(B),15,60,50083,9731,E08000024,13963.011,219.128,AA,CIVIL ADMINISTRATION AREA,,
Tameside District (B),MTD,Metropolitan District,TAMESIDE_DISTRICT_(B),15,44,56468,18700,E08000008,10315.421,0.000,AA,CIVIL ADMINISTRATION AREA,,
Trafford District (B),MTD,Metropolitan District,TRAFFORD_DISTRICT_(B),10,55,56556,18786,E08000009,10604.476,0.000,AA,CIVIL ADMINISTRATION AREA,,
Wakefield District (B),MTD,Metropolitan District,WAKEFIELD_DISTRICT_(B),18,107,61077,16758,E08000036,33861.969,0.000,AA,CIVIL ADMINISTRATION AREA,,
Walsall District (B),MTD,Metropolitan District,WALSALL_DISTRICT_(B),15,44,40168,72,E08000030,10397.350,0.000,AA,CIVIL ADMINISTRATION AREA,,
Wigan District (B),MTD,Metropolitan District,WIGAN_DISTRICT_(B),15,60,56640,18868,E08000010,18817.091,0.000,AA,CIVIL ADMINISTRATION AREA,,
Wirral District (B),MTD,Metropolitan District,WIRRAL_DISTRICT_(B),10,48,46783,6068,E08000015,25639.898,9935.249,AA,CIVIL ADMINISTRATION AREA,,
Abertawe - Swansea,UTA,Unitary Authority,ABERTAWE_-_SWANSEA,11,131,71439,25492,W06000011,42089.790,4123.870,AA,CIVIL ADMINISTRATION AREA,,
Angus,UTA,Unitary Authority,ANGUS,3,20,80405,30216,S12000041,220323.401,1803.982,AA,CIVIL ADMINISTRATION AREA,,
Bath and North East Somerset,UTA,Unitary Authority,BATH_AND_NORTH_EAST_SOMERSET,15,174,71543,25554,E06000022,35112.321,0.000,AA,CIVIL ADMINISTRATION AREA,,
Bedford (B),UTA,Unitary Authority,BEDFORD_(B),3,153,41015,43871,E06000055,47640.838,0.000,AA,CIVIL ADMINISTRATION AREA,,
Blackburn with Darwen (B),UTA,Unitary Authority,BLACKBURN_WITH_DARWEN_(B),8,65,101590,38840,E06000008,13702.199,0.000,AA,CIVIL ADMINISTRATION AREA,,
Blackpool (B),UTA,Unitary Authority,BLACKPOOL_(B),10,46,101616,38861,E06000009,4315.074,829.923,AA,CIVIL ADMINISTRATION AREA,,
Blaenau Gwent - Blaenau Gwent,UTA,Unitary Authority,BLAENAU_GWENT_-_BLAENAU_GWENT,9,48,108308,25494,W06000019,10872.795,0.000,AA,CIVIL ADMINISTRATION AREA,,
Bournemouth (B),UTA,Unitary Authority,BOURNEMOUTH_(B),8,42,99907,38340,E06000028,4716.808,99.004,AA,CIVIL ADMINISTRATION AREA,,
Bracknell Forest (B),UTA,Unitary Authority,BRACKNELL_FOREST_(B),9,50,101679,38893,E06000036,10938.421,0.000,AA,CIVIL ADMINISTRATION AREA,,
Bro Morgannwg - the Vale of Glamorgan,UTA,Unitary Authority,BRO_MORGANNWG_-_THE_VALE_OF_GLAMORGAN,24,99,71449,25502,W06000014,33967.579,848.305,AA,CIVIL ADMINISTRATION AREA,,
Caerffili - Caerphilly,UTA,Unitary Authority,CAERFFILI_-_CAERPHILLY,18,101,71443,25496,W06000018,27738.773,0.000,AA,CIVIL ADMINISTRATION AREA,,
Casnewydd - Newport,UTA,Unitary Authority,CASNEWYDD_-_NEWPORT,11,84,71446,44426,W06000022,21776.751,2724.274,AA,CIVIL ADMINISTRATION AREA,,
Castell-nedd Port Talbot - Neath Port Talbot,UTA,Unitary Authority,CASTELL-NEDD_PORT_TALBOT_-_NEATH_PORT_TALBOT,19,144,71445,25498,W06000012,45186.998,953.458,AA,CIVIL ADMINISTRATION AREA,,
Central Bedfordshire,UTA,Unitary Authority,CENTRAL_BEDFORDSHIRE,15,222,123600,43870,E06000056,71566.521,0.000,AA,CIVIL ADMINISTRATION AREA,,
Cheshire East (B),UTA,Unitary Authority,CHESHIRE_EAST_(B),8,398,123504,43553,E06000049,116635.737,0.000,AA,CIVIL ADMINISTRATION AREA,,
Cheshire West and Chester (B),UTA,Unitary Authority,CHESHIRE_WEST_AND_CHESTER_(B),8,327,123503,43552,E06000050,94120.736,2450.672,AA,CIVIL ADMINISTRATION AREA,,
City of Bristol (B),UTA,Unitary Authority,CITY_OF_BRISTOL_(B),2,72,71510,25523,E06000023,23533.937,12566.341,AA,CIVIL ADMINISTRATION AREA,,
City of Derby (B),UTA,Unitary Authority,CITY_OF_DERBY_(B),5,38,97721,37538,E06000015,7803.111,0.000,AA,CIVIL ADMINISTRATION AREA,,
City of Kingston upon Hull (B),UTA,Unitary Authority,CITY_OF_KINGSTON_UPON_HULL_(B),3,50,71636,25639,E06000010,8149.757,1004.773,AA,CIVIL ADMINISTRATION AREA,,
City of Leicester (B),UTA,Unitary Authority,CITY_OF_LEICESTER_(B),9,46,97712,37533,E06000016,7334.215,0.000,AA,CIVIL ADMINISTRATION AREA,,
City of Nottingham (B),UTA,Unitary Authority,CITY_OF_NOTTINGHAM_(B),9,44,101609,38857,E06000018,7461.352,0.000,AA,CIVIL ADMINISTRATION AREA,,
City of Peterborough (B),UTA,Unitary Authority,CITY_OF_PETERBOROUGH_(B),9,106,101672,38886,E06000031,34343.798,5.966,AA,CIVIL ADMINISTRATION AREA,,
City of Southampton (B),UTA,Unitary Authority,CITY_OF_SOUTHAMPTON_(B),10,36,96957,37256,E06000045,5638.515,654.137,AA,CIVIL ADMINISTRATION AREA,,
City of Stoke-on-Trent (B),UTA,Unitary Authority,CITY_OF_STOKE-ON-TRENT_(B),7,78,100107,38408,E06000021,9344.849,0.000,AA,CIVIL ADMINISTRATION AREA,,
Clackmannanshire,UTA,Unitary Authority,CLACKMANNANSHIRE,4,14,80813,30418,S12000005,16392.117,494.056,AA,CIVIL ADMINISTRATION AREA,,
Conwy - Conwy,UTA,Unitary Authority,CONWY_-_CONWY,20,143,71440,25493,W06000003,115348.339,2329.216,AA,CIVIL ADMINISTRATION AREA,,
County Durham,UTA,Unitary Authority,COUNTY_DURHAM,10,407,42353,43607,E06000047,223269.869,115.627,AA,CIVIL ADMINISTRATION AREA,,
County of Herefordshire,UTA,Unitary Authority,COUNTY_OF_HEREFORDSHIRE,14,585,101690,38904,E06000019,217970.958,0.000,AA,CIVIL ADMINISTRATION AREA,,
Darlington (B),UTA,Unitary Authority,DARLINGTON_(B),4,92,100101,38404,E06000005,19747.560,0.000,AA,CIVIL ADMINISTRATION AREA,,
Dundee City,UTA,Unitary Authority,DUNDEE_CITY,7,20,124308,30215,S12000042,6222.591,244.908,AA,CIVIL ADMINISTRATION AREA,,
East Ayrshire,UTA,Unitary Authority,EAST_AYRSHIRE,4,22,122880,43393,S12000008,127033.655,0.000,AA,CIVIL ADMINISTRATION AREA,,
East Dunbartonshire,UTA,Unitary Authority,EAST_DUNBARTONSHIRE,6,20,80980,30501,S12000045,17449.144,0.000,AA,CIVIL ADMINISTRATION AREA,,
East Renfrewshire,UTA,Unitary Authority,EAST_RENFREWSHIRE,3,16,124520,30846,S12000011,17424.120,0.000,AA,CIVIL ADMINISTRATION AREA,,
East Riding of Yorkshire,UTA,Unitary Authority,EAST_RIDING_OF_YORKSHIRE,8,395,71631,25635,E06000011,249479.584,8830.439,AA,CIVIL ADMINISTRATION AREA,,
Falkirk,UTA,Unitary Authority,FALKIRK,6,22,122126,30504,S12000014,31493.129,1756.781,AA,CIVIL ADMINISTRATION AREA,,
Glasgow City,UTA,Unitary Authority,GLASGOW_CITY,15,46,81237,30631,S12000046,17644.896,174.339,AA,CIVIL ADMINISTRATION AREA,,
Halton (B),UTA,Unitary Authority,HALTON_(B),16,59,101598,38848,E06000006,9032.148,1123.752,AA,CIVIL ADMINISTRATION AREA,,
Hartlepool (B),UTA,Unitary Authority,HARTLEPOOL_(B),9,42,125831,25589,E06000001,9844.170,488.219,AA,CIVIL ADMINISTRATION AREA,,
Inverclyde,UTA,Unitary Authority,INVERCLYDE,4,16,81234,30629,S12000018,17360.516,1164.247,AA,CIVIL ADMINISTRATION AREA,,
Luton (B),UTA,Unitary Authority,LUTON_(B),9,42,97716,37536,E06000032,4335.251,0.000,AA,CIVIL ADMINISTRATION AREA,,
Medway (B),UTA,Unitary Authority,MEDWAY_(B),14,70,101698,38908,E06000035,26906.393,7552.359,AA,CIVIL ADMINISTRATION AREA,,
Merthyr Tudful - Merthyr Tydfil,UTA,Unitary Authority,MERTHYR_TUDFUL_-_MERTHYR_TYDFIL,5,38,71444,25497,W06000024,11195.700,0.000,AA,CIVIL ADMINISTRATION AREA,,
Middlesbrough (B),UTA,Unitary Authority,MIDDLESBROUGH_(B),3,48,71579,25586,E06000002,5455.357,66.496,AA,CIVIL ADMINISTRATION AREA,,
Midlothian,UTA,Unitary Authority,MIDLOTHIAN,4,16,125718,30634,S12000019,35527.525,0.000,AA,CIVIL ADMINISTRATION AREA,,
Milton Keynes (B),UTA,Unitary Authority,MILTON_KEYNES_(B),15,142,100131,38413,E06000042,30862.673,0.000,AA,CIVIL ADMINISTRATION AREA,,
North East Lincolnshire (B),UTA,Unitary Authority,NORTH_EAST_LINCOLNSHIRE_(B),8,76,71648,25650,E06000012,20355.412,1169.033,AA,CIVIL ADMINISTRATION AREA,,
North Lanarkshire,UTA,Unitary Authority,NORTH_LANARKSHIRE,9,44,124244,30503,S12000044,47222.392,0.000,AA,CIVIL ADMINISTRATION AREA,,
North Lincolnshire (B),UTA,Unitary Authority,NORTH_LINCOLNSHIRE_(B),9,151,71618,25623,E06000013,87568.475,2938.830,AA,CIVIL ADMINISTRATION AREA,,
Pen-y-bont ar Ogwr - Bridgend,UTA,Unitary Authority,PEN-Y-BONT_AR_OGWR_-_BRIDGEND,19,113,71442,25495,W06000013,25531.156,458.117,AA,CIVIL ADMINISTRATION AREA,,
Perth and Kinross,UTA,Unitary Authority,PERTH_AND_KINROSS,8,28,122113,30110,S12000024,541890.912,3516.800,AA,CIVIL ADMINISTRATION AREA,,
Poole (B),UTA,Unitary Authority,POOLE_(B),15,36,99904,38339,E06000029,7471.614,994.840,AA,CIVIL ADMINISTRATION AREA,,
Powys - Powys,UTA,Unitary Authority,POWYS_-_POWYS,7,347,71438,25491,W06000023,519545.622,13.540,AA,CIVIL ADMINISTRATION AREA,,
Reading (B),UTA,Unitary Authority,READING_(B),10,36,101681,38895,E06000038,4039.798,0.000,AA,CIVIL ADMINISTRATION AREA,,
Redcar and Cleveland (B),UTA,Unitary Authority,REDCAR_AND_CLEVELAND_(B),11,58,71583,25588,E06000003,25389.087,907.069,AA,CIVIL ADMINISTRATION AREA,,
Renfrewshire,UTA,Unitary Authority,RENFREWSHIRE,6,26,118992,30630,S12000038,26923.729,774.975,AA,CIVIL ADMINISTRATION AREA,,
Rhondda Cynon Taf - Rhondda Cynon Taf,UTA,Unitary Authority,RHONDDA_CYNON_TAF_-_RHONDDA_CYNON_TAF,18,155,71447,25500,W06000016,42415.050,0.000,AA,CIVIL ADMINISTRATION AREA,,
Rutland,UTA,Unitary Authority,RUTLAND,4,148,97704,37528,E06000017,39374.897,0.000,AA,CIVIL ADMINISTRATION AREA,,
Scottish Borders,UTA,Unitary Authority,SCOTTISH_BORDERS,5,26,126759,36552,S12000026,474265.712,350.250,AA,CIVIL ADMINISTRATION AREA,,
Shropshire,UTA,Unitary Authority,SHROPSHIRE,18,534,59646,43822,E06000051,319727.550,0.000,AA,CIVIL ADMINISTRATION AREA,,
Sir Ddinbych - Denbighshire,UTA,Unitary Authority,SIR_DDINBYCH_-_DENBIGHSHIRE,12,135,71434,25487,W06000004,84638.009,783.592,AA,CIVIL ADMINISTRATION AREA,,
Sir Gaerfyrddin - Carmarthenshire,UTA,Unitary Authority,SIR_GAERFYRDDIN_-_CARMARTHENSHIRE,8,252,124956,25486,W06000010,243894.704,6781.413,AA,CIVIL ADMINISTRATION AREA,,
Sir y Fflint - Flintshire,UTA,Unitary Authority,SIR_Y_FFLINT_-_FLINTSHIRE,1,172,71775,25776,W06000005,48943.953,5194.951,AA,CIVIL ADMINISTRATION AREA,,
Slough (B),UTA,Unitary Authority,SLOUGH_(B),7,39,101677,38891,E06000039,3254.201,0.000,AA,CIVIL ADMINISTRATION AREA,,
Southend-on-Sea (B),UTA,Unitary Authority,SOUTHEND-ON-SEA_(B),9,40,101696,38907,E06000033,6790.098,2614.537,AA,CIVIL ADMINISTRATION AREA,,
South Gloucestershire,UTA,Unitary Authority,SOUTH_GLOUCESTERSHIRE,20,166,71548,25559,E06000025,53664.531,3969.821,AA,CIVIL ADMINISTRATION AREA,,
South Lanarkshire,UTA,Unitary Authority,SOUTH_LANARKSHIRE,4,44,123461,30847,S12000029,177404.342,12.518,AA,CIVIL ADMINISTRATION AREA,,
Stirling,UTA,Unitary Authority,STIRLING,3,18,80981,30502,S12000030,225481.155,146.816,AA,CIVIL ADMINISTRATION AREA,,
Stockton-on-Tees (B),UTA,Unitary Authority,STOCKTON-ON-TEES_(B),5,94,71582,25587,E06000004,20973.097,476.858,AA,CIVIL ADMINISTRATION AREA,,
Swindon (B),UTA,Unitary Authority,SWINDON_(B),12,76,99373,38141,E06000030,23009.336,0.000,AA,CIVIL ADMINISTRATION AREA,,
Telford and Wrekin (B),UTA,Unitary Authority,TELFORD_AND_WREKIN_(B),3,120,101606,38854,E06000020,29031.346,0.000,AA,CIVIL ADMINISTRATION AREA,,
The City of Brighton and Hove (B),UTA,Unitary Authority,THE_CITY_OF_BRIGHTON_AND_HOVE_(B),10,49,95559,36749,E06000043,8537.682,259.140,AA,CIVIL ADMINISTRATION AREA,,
Thurrock (B),UTA,Unitary Authority,THURROCK_(B),8,44,101622,38866,E06000034,18431.778,2082.432,AA,CIVIL ADMINISTRATION AREA,,
Tor-faen - Torfaen,UTA,Unitary Authority,TOR-FAEN_-_TORFAEN,13,77,71448,44425,W06000020,12624.005,0.000,AA,CIVIL ADMINISTRATION AREA,,
Torbay (B),UTA,Unitary Authority,TORBAY_(B),7,36,101666,38883,E06000027,11946.705,5657.598,AA,CIVIL ADMINISTRATION AREA,,
Warrington (B),UTA,Unitary Authority,WARRINGTON_(B),8,83,101593,38843,E06000007,18238.376,175.558,AA,CIVIL ADMINISTRATION AREA,,
West Berkshire,UTA,Unitary Authority,WEST_BERKSHIRE,13,185,101685,38899,E06000037,70416.943,0.000,AA,CIVIL ADMINISTRATION AREA,,
West Dunbartonshire,UTA,Unitary Authority,WEST_DUNBARTONSHIRE,7,16,94222,36549,S12000039,18277.728,546.500,AA,CIVIL ADMINISTRATION AREA,,
West Lothian,UTA,Unitary Authority,WEST_LOTHIAN,6,22,81240,30632,S12000040,43158.511,281.880,AA,CIVIL ADMINISTRATION AREA,,
Wiltshire,UTA,Unitary Authority,WILTSHIRE,14,723,59255,43925,E06000054,325533.806,0.000,AA,CIVIL ADMINISTRATION AREA,,
Windsor and Maidenhead (B),UTA,Unitary Authority,WINDSOR_AND_MAIDENHEAD_(B),16,78,101678,38892,E06000040,19842.706,0.000,AA,CIVIL ADMINISTRATION AREA,,
Wokingham (B),UTA,Unitary Authority,WOKINGHAM_(B),16,84,101680,38894,E06000041,17896.545,0.000,AA,CIVIL ADMINISTRATION AREA,,
Wrecsam - Wrexham,UTA,Unitary Authority,WRECSAM_-_WREXHAM,10,160,71830,25831,W06000006,50377.357,0.000,AA,CIVIL ADMINISTRATION AREA,,
York (B),UTA,Unitary Authority,YORK (B),5,108,71590,25595,E06000014,27201.473,7.784,AA,CIVIL ADMINISTRATION AREA,,
Broadland District,DIS,District,NORFOLK_COUNTY,24,1566,47486,6553,E07000144,55324.429,84.347,AA,CIVIL ADMINISTRATION AREA,,
North Norfolk District,DIS,District,NORFOLK_COUNTY,3,975,47877,7024,E07000147,99039.811,2635.204,AA,CIVIL ADMINISTRATION AREA,,
South Hams District,DIS,District,DEVON_COUNTY,5,846,122080,22569,E07000044,90524.770,1876.275,AA,CIVIL ADMINISTRATION AREA,,
Torridge District,DIS,District,DEVON_COUNTY,11,1040,122020,22970,E07000046,99558.890,1024.055,AA,CIVIL ADMINISTRATION AREA,,
Isle of Wight,UTA,Unitary Authority,ISLE_OF_WIGHT,11,149,70735,25469,E06000046,39492.895,1476.452,AA,CIVIL ADMINISTRATION AREA,,
Sir Ynys Mon - Isle of Anglesey,UTA,Unitary Authority,SIR_YNYS_MON_-_ISLE_OF_ANGLESEY,11,112,70527,25482,W06000001,74902.277,3456.461,AA,CIVIL ADMINISTRATION AREA,,
Gwynedd - Gwynedd,UTA,Unitary Authority,GWYNEDD_-_GWYNEDD,9,265,71430,25483,W06000002,262237.896,7430.347,AA,CIVIL ADMINISTRATION AREA,,
Caerdydd - Cardiff,UTA,Unitary Authority,CAERDYDD_-_CARDIFF,7,101,71431,25484,W06000015,14951.129,722.402,AA,CIVIL ADMINISTRATION AREA,,
Sir Ceredigion - Ceredigion,UTA,Unitary Authority,SIR_CEREDIGION_-_CEREDIGION,12,172,119414,25485,W06000008,180586.740,1686.580,AA,CIVIL ADMINISTRATION AREA,,
Sir Fynwy - Monmouthshire,UTA,Unitary Authority,SIR_FYNWY_-_MONMOUTHSHIRE,12,146,125098,25489,W06000021,88605.340,3578.180,AA,CIVIL ADMINISTRATION AREA,,
Sir Benfro - Pembrokeshire,UTA,Unitary Authority,SIR_BENFRO_-_PEMBROKESHIRE,5,291,119409,25490,W06000009,165027.475,3159.438,AA,CIVIL ADMINISTRATION AREA,,
North Somerset,UTA,Unitary Authority,NORTH_SOMERSET,10,151,71495,25504,E06000024,39080.451,1617.542,AA,CIVIL ADMINISTRATION AREA,,
Highland,UTA,Unitary Authority,HIGHLAND,7,1098,80621,29638,S12000017,2647274.607,30994.111,AA,CIVIL ADMINISTRATION AREA,,
Moray,UTA,Unitary Authority,MORAY,5,22,79899,29959,S12000020,225707.332,1950.900,AA,CIVIL ADMINISTRATION AREA,,
Orkney Islands,UTA,Unitary Authority,ORKNEY_ISLANDS,1,407,79906,29961,S12000023,108621.082,7286.421,AA,CIVIL ADMINISTRATION AREA,,
Na h-Eileanan an Iar,UTA,Unitary Authority,NA_H-EILEANAN_AN_IAR,2,2073,125700,30022,S12000013,326856.553,16877.341,AA,CIVIL ADMINISTRATION AREA,,
Argyll and Bute,UTA,Unitary Authority,ARGYLL_AND_BUTE,2,855,127010,30106,S12000035,716377.432,15606.958,AA,CIVIL ADMINISTRATION AREA,,
Aberdeenshire,UTA,Unitary Authority,ABERDEENSHIRE,7,150,122115,30111,S12000034,633826.396,2026.246,AA,CIVIL ADMINISTRATION AREA,,
Fife,UTA,Unitary Authority,FIFE,5,56,122119,30419,S12000015,137392.091,4906.132,AA,CIVIL ADMINISTRATION AREA,,
Aberdeen City,UTA,Unitary Authority,ABERDEEN_CITY,7,34,122136,30421,S12000033,20561.013,1990.958,AA,CIVIL ADMINISTRATION AREA,,
City of Edinburgh,UTA,Unitary Authority,CITY_OF_EDINBURGH,11,42,81242,30505,S12000036,27300.411,965.236,AA,CIVIL ADMINISTRATION AREA,,
East Lothian,UTA,Unitary Authority,EAST_LOTHIAN,7,26,81246,30509,S12000010,70093.778,2175.761,AA,CIVIL ADMINISTRATION AREA,,
Shetland Islands,UTA,Unitary Authority,SHETLAND_ISLANDS,3,1116,125404,30514,S12000027,165661.840,18752.719,AA,CIVIL ADMINISTRATION AREA,,
North Ayrshire,UTA,Unitary Authority,NORTH_AYRSHIRE,2,37,124387,30628,S12000021,90390.066,1848.677,AA,CIVIL ADMINISTRATION AREA,,
Dumfries and Galloway,UTA,Unitary Authority,DUMFRIES_AND_GALLOWAY,9,32,125698,31903,S12000006,667605.172,23843.406,AA,CIVIL ADMINISTRATION AREA,,
City of Portsmouth (B),UTA,Unitary Authority,CITY_OF_PORTSMOUTH_(B),7,36,96952,37254,E06000044,6014.447,1978.644,AA,CIVIL ADMINISTRATION AREA,,
City of Plymouth (B),UTA,Unitary Authority,CITY_OF_PLYMOUTH_(B),13,48,122028,38872,E06000026,8436.268,453.444,AA,CIVIL ADMINISTRATION AREA,,
South Ayrshire,UTA,Unitary Authority,SOUTH_AYRSHIRE,3,28,122877,43391,S12000028,123471.971,1059.702,AA,CIVIL ADMINISTRATION AREA,,
Northumberland,UTA,Unitary Authority,NORTHUMBERLAND,5,476,127016,43674,E06000057,507818.004,5196.337,AA,CIVIL ADMINISTRATION AREA,,
Cornwall,UTA,Unitary Authority,CORNWALL,2,696,122011,43750,E06000052,361335.741,7248.893,AA,CIVIL ADMINISTRATION AREA,,
Isles of Scilly,UTA,Unitary Authority,ISLES_OF_SCILLY,1,59,66920,43972,E06000053,2284.945,651.184,AA,CIVIL ADMINISTRATION AREA,,
